Question,Answer
What is the difference between potential and kinetic energy?,"Potential energy is stored energy based on an object's position or configuration, while kinetic energy is the energy of motion. For example, a ball at the top of a hill has potential energy, which converts to kinetic energy as it rolls down."
Explain how binary search works in computer science?,"Binary search is a search algorithm that finds a target value in a sorted array by repeatedly dividing the search space in half. It compares the target with the middle element and eliminates half the remaining elements based on whether the target is greater or lesser, achieving O(log n) time complexity."
What is the significance of the periodic table's organization?,"The periodic table organizes elements by atomic number and electron configuration, creating patterns in chemical properties. Elements in the same column (group) have similar chemical behaviors due to their similar outer electron arrangements, while rows (periods) show trends in atomic size and electronegativity."
How does a transistor function in electronic circuits?,A transistor acts as a switch or amplifier in electronic circuits by controlling the flow of current between two terminals based on the voltage applied to a third terminal. This fundamental component enables the creation of logic gates and forms the basis of modern digital electronics.
What is the quadratic formula and when is it used?,"The quadratic formula (-b ± √(b² - 4ac))/(2a) solves quadratic equations in the form ax² + bx + c = 0. It's used when you need to find the x-values (roots) where a parabola crosses the x-axis, providing either two real solutions, one real solution, or two complex solutions."
How does photosynthesis convert light energy into chemical energy?,"Photosynthesis uses chlorophyll to absorb light energy, which powers the conversion of water and carbon dioxide into glucose and oxygen. The process occurs in two stages: light-dependent reactions that produce ATP and NADPH, and the Calvin cycle that uses these products to create glucose."
What is the difference between series and parallel circuits?,"In series circuits, components are connected end-to-end, sharing the same current but dividing the voltage. In parallel circuits, components are connected across the same voltage source, dividing the current but maintaining equal voltage. This affects how the circuit functions and fails."
How does natural selection drive evolution?,"Natural selection occurs when organisms with advantageous traits survive and reproduce more successfully, passing these traits to offspring. Over generations, this process leads to populations better adapted to their environment, potentially resulting in new species through accumulated changes."
What is the law of conservation of momentum?,"The law of conservation of momentum states that in a closed system, the total momentum remains constant unless acted upon by external forces. This principle explains why objects maintain their motion and is crucial in understanding collisions and rocket propulsion."
How does a compiler convert high-level code to machine code?,"A compiler translates human-readable high-level code into machine code through several stages: lexical analysis breaks code into tokens, parsing creates an abstract syntax tree, semantic analysis checks for errors, and code generation produces optimized machine instructions."
What is the role of enzymes in chemical reactions?,"Enzymes are biological catalysts that lower the activation energy required for chemical reactions without being consumed. They work by binding to specific substrates at their active sites, enabling faster reaction rates and maintaining cellular processes essential for life."
How does the Pythagorean theorem relate to real-world applications?,"The Pythagorean theorem (a² + b² = c²) calculates the relationship between sides of a right triangle. It's used in construction, navigation, and engineering to determine distances, ensure perpendicular alignment, and calculate unknown dimensions in right-angled structures."
What is the difference between RAM and ROM in computers?,"RAM (Random Access Memory) is volatile memory that temporarily stores active programs and data for quick access by the CPU, while ROM (Read-Only Memory) is non-volatile memory that permanently stores essential startup instructions and firmware that persist without power."
How do Newton's laws of motion describe physical interactions?,"Newton's three laws describe fundamental motion principles: objects maintain their motion unless acted upon by forces, force equals mass times acceleration (F=ma), and every action has an equal and opposite reaction. These laws form the foundation of classical mechanics."
"What is the relationship between voltage, current, and resistance?","Ohm's Law (V=IR) states that voltage equals current multiplied by resistance. This fundamental relationship shows that increasing voltage increases current proportionally, while increasing resistance decreases current proportionally, assuming other variables remain constant."
How does cellular respiration generate ATP?,"Cellular respiration breaks down glucose through glycolysis, the Krebs cycle, and the electron transport chain to produce ATP. This process converts chemical energy from food into usable cellular energy, producing carbon dioxide and water as byproducts."
What is the significance of derivatives in calculus?,"Derivatives measure the rate of change or slope of a function at any point. They're essential for understanding motion, optimization problems, and rates of change in various fields, helping to determine maximum and minimum values and instantaneous rates of change."
How do logic gates form the basis of digital computing?,"Logic gates (AND, OR, NOT, etc.) process binary inputs to produce specific outputs based on Boolean algebra. These fundamental components combine to create more complex circuits that perform arithmetic operations and decision-making functions in computers."
What is the principle behind genetic inheritance?,"Genetic inheritance follows Mendel's laws, where genes are passed from parents to offspring through chromosomes. Alleles can be dominant or recessive, determining trait expression, and segregate independently during gamete formation, leading to genetic diversity."
How does the pH scale measure acidity and alkalinity?,"The pH scale measures hydrogen ion concentration from 0 to 14, with 7 being neutral. Values below 7 indicate acidic solutions (more H+ ions), while values above 7 indicate basic/alkaline solutions (more OH- ions). Each unit represents a tenfold change in concentration."
What is the concept of vector addition in physics?,"Vector addition combines two or more vectors considering both magnitude and direction. It can be performed graphically using the tip-to-tail method or mathematically using components, essential for analyzing forces, velocities, and other vector quantities in physics."
How does the greenhouse effect influence Earth's climate?,"The greenhouse effect occurs when atmospheric gases trap heat by allowing sunlight to pass through but absorbing reflected infrared radiation. This natural process keeps Earth habitable, but increased greenhouse gas concentrations from human activities enhance this effect, leading to global warming."
"What is the relationship between work, power, and energy?","Work is force multiplied by displacement, energy is the capacity to do work, and power is the rate at which work is done (or energy is transferred). Power equals work divided by time, showing how quickly energy is being used or converted."
How do arrays differ from linked lists in data structures?,"Arrays store elements in contiguous memory locations with direct access by index, while linked lists store elements in nodes with references to the next element. Arrays offer faster access but fixed size, while linked lists allow dynamic size but require sequential access."
What is the principle of wave superposition?,"Wave superposition states that when two or more waves meet, their amplitudes combine algebraically at each point. This explains interference patterns, where waves can constructively add to create larger amplitudes or destructively cancel each other out."
How does integration relate to area under a curve?,"Integration calculates the area under a curve by summing infinitesimal rectangles. This fundamental theorem of calculus connects differentiation and integration, allowing us to find accumulated quantities like distance from velocity or work from force."
What is the role of catalysts in chemical reactions?,"Catalysts speed up chemical reactions by providing an alternative reaction pathway with lower activation energy, without being consumed in the process. They're crucial in industrial processes and biological systems, making reactions more efficient."
How does binary number system work in computing?,"The binary system uses only 0s and 1s to represent numbers, with each position representing a power of 2. This base-2 system is fundamental to digital computing because it matches the on/off states of electronic switches and facilitates logical operations."
What is the concept of mechanical advantage in simple machines?,"Mechanical advantage is the ratio of output force to input force in a machine. Simple machines like levers, pulleys, and inclined planes multiply force at the expense of distance, following the principle that work input equals work output (ignoring friction)."
How does DNA replication ensure accurate genetic copying?,"DNA replication uses complementary base pairing (A-T, G-C) and enzymatic proofreading to create exact copies of genetic material. The process unwinds the double helix, synthesizes new strands using existing ones as templates, and checks for errors."
What is the difference between heat and temperature?,"Heat is the total thermal energy of moving particles in a substance, while temperature measures the average kinetic energy of these particles. A large object at low temperature can contain more heat than a small object at high temperature."
How do electromagnetic waves propagate through space?,"Electromagnetic waves consist of oscillating electric and magnetic fields perpendicular to each other and the direction of propagation. They travel through vacuum at the speed of light, carrying energy and information without requiring a medium."
What is the principle behind recursion in programming?,Recursion is a programming technique where a function calls itself to solve smaller instances of the same problem. It requires a base case to prevent infinite recursion and can elegantly solve problems like factorial calculation or tree traversal.
How does the nervous system transmit electrical signals?,"The nervous system transmits signals through neurons using action potentials - electrical impulses created by ion movement across cell membranes. Neurotransmitters bridge the synaptic gaps between neurons, allowing information to flow throughout the body."
"What is the relationship between force, mass, and acceleration?","According to Newton's Second Law, force equals mass times acceleration (F=ma). This fundamental relationship shows that the same force will produce greater acceleration in objects with less mass, and greater force is needed to accelerate more massive objects."
How does the process of nuclear fission release energy?,"Nuclear fission occurs when heavy atomic nuclei split into lighter elements, releasing energy and neutrons. This chain reaction converts mass to energy according to E=mc², generating heat that can be harnessed for power generation."
What is the significance of algorithms in computer science?,"Algorithms are step-by-step procedures for solving problems or performing tasks. They form the foundation of computer programming, determining program efficiency through their time and space complexity, and enabling systematic problem-solving."
How does natural selection lead to antibiotic resistance?,"Antibiotic resistance develops when bacteria with genetic variations surviving antibiotic exposure reproduce, passing resistance genes to offspring. This evolutionary process creates populations of bacteria immune to specific antibiotics through selective pressure."
What is the relationship between circumference and diameter?,"The ratio of a circle's circumference to its diameter is the constant π (pi), approximately 3.14159. This fundamental relationship (C=πd) applies to all circles regardless of size and is essential in geometry and engineering calculations."
How does a capacitor store electrical charge?,"Capacitors store electrical charge between two conducting plates separated by an insulator. When voltage is applied, opposite charges accumulate on the plates, storing electrical potential energy that can be released when needed."
What is the principle of conservation of energy?,"The principle of conservation of energy states that energy cannot be created or destroyed, only converted between different forms. This fundamental law explains energy transformations in physical and chemical processes throughout the universe."
How do sorting algorithms compare in efficiency?,"Sorting algorithms like bubble sort (O(n²)), quicksort (O(n log n)), and merge sort (O(n log n)) have different time complexities and space requirements. Their efficiency varies based on input size and initial order of elements."
What is the role of mitochondria in cellular energy production?,"Mitochondria are cellular organelles that produce ATP through cellular respiration. They process glucose and oxygen through the electron transport chain, generating most of the cell's energy currency through chemiosmosis."
How does Pascal's principle apply to hydraulic systems?,Pascal's principle states that pressure applied to a confined fluid is transmitted equally in all directions. This principle enables hydraulic systems to multiply force in applications like brake systems and hydraulic lifts.
What is the relationship between genes and proteins?,"Genes contain DNA sequences that code for proteins through transcription and translation. The genetic code determines amino acid sequences, which fold into functional proteins that perform essential cellular tasks."
How does dimensional analysis help solve physics problems?,"Dimensional analysis checks the consistency of physical equations by comparing units on both sides. It helps verify calculations, convert between unit systems, and derive relationships between physical quantities."
What is the significance of the ideal gas law?,"The ideal gas law (PV=nRT) relates pressure, volume, temperature, and amount of gas in a system. This equation describes gas behavior under ideal conditions and is fundamental to understanding gas properties and reactions."
How do chemical bonds determine molecular properties?,"Chemical bonds (ionic, covalent, metallic) determine how atoms interact and share electrons, affecting properties like melting point, conductivity, and reactivity. Bond types and arrangements influence a substance's physical and chemical behavior."
What is the concept of entropy in thermodynamics?,"Entropy measures the disorder or randomness in a system. The Second Law of Thermodynamics states that entropy tends to increase in isolated systems, explaining why certain processes are irreversible and energy dispersal patterns."
How does the process of meiosis create genetic diversity?,"Meiosis creates genetic diversity through crossing over between chromosomes, independent assortment during division, and random fertilization. This process produces unique combinations of genes in gametes, contributing to species variation."
What is the relationship between wavelength and frequency?,"Wavelength and frequency are inversely related in waves, with their product equal to wave speed (v=fλ). Higher frequencies correspond to shorter wavelengths and vice versa, maintaining constant wave speed in a given medium."
How do covalent bonds share electrons between atoms?,Covalent bonds form when atoms share electron pairs to achieve stable electron configurations. The number of shared pairs and electron distribution determines bond strength and molecular geometry.
What is the significance of factoring in algebra?,"Factoring breaks down complex expressions into simpler products, helping solve equations, find roots, and simplify expressions. It's essential for understanding polynomial behavior and solving quadratic equations."
How does feedback regulation maintain homeostasis?,"Feedback regulation uses negative or positive feedback loops to maintain stable conditions. Negative feedback opposes changes, while positive feedback amplifies them, helping organisms maintain internal balance."
What is the principle behind electromagnetic induction?,Electromagnetic induction generates electrical current in a conductor moving through a magnetic field or experiencing a changing magnetic field. This principle is fundamental to electric generators and transformers.
How do hash tables optimize data retrieval?,"Hash tables use hash functions to map keys to array indices, enabling constant-time O(1) average case access to data. This data structure balances storage space with retrieval speed through efficient key-value mapping."
What is the relationship between pressure and depth in fluids?,Fluid pressure increases linearly with depth due to the weight of the
